,1INCH,AAVE,ACH,ADA,AERGO,AGLD,AIOZ,ALCX,ALGO,ALICE,AMP,ANKR,APE
,close,close,close,close,close,close,close,close,close,close,close,close,close
date,,,,,,,,,,,,,
2019-08-15,,,,,,,,,0.7064,,,,
2019-08-16,,,,,,,,,0.6785,,,,
2019-08-17,,,,,,,,,0.6842,,,,
2019-08-18,,,,,,,,,0.6767,,,,
2019-08-19,,,,,,,,,0.6548,,,,
2019-08-20,,,,,,,,,0.625,,,,
2019-08-21,,,,,,,,,0.5602,,,,
2019-08-22,,,,,,,,,0.5742,,,,
2019-08-23,,,,,,,,,0.5755,,,,
2019-08-24,,,,,,,,,0.5791,,,,
2019-08-25,,,,,,,,,0.5378,,,,
2019-08-26,,,,,,,,,0.5209,,,,
2019-08-27,,,,,,,,,0.5203,,,,
2019-08-28,,,,,,,,,0.4358,,,,
2019-08-29,,,,,,,,,0.4014,,,,
2019-08-30,,,,,,,,,0.4195,,,,
2019-08-31,,,,,,,,,0.4081,,,,
2019-09-01,,,,,,,,,0.3887,,,,
2019-09-02,,,,,,,,,0.3942,,,,
2019-09-03,,,,,,,,,0.368,,,,
2019-09-04,,,,,,,,,0.3469,,,,
2019-09-05,,,,,,,,,0.3857,,,,
2019-09-06,,,,,,,,,0.347,,,,
2019-09-07,,,,,,,,,0.3699,,,,
2019-09-08,,,,,,,,,0.3846,,,,
2019-09-09,,,,,,,,,0.368,,,,
2019-09-10,,,,,,,,,0.3655,,,,
2019-09-11,,,,,,,,,0.3485,,,,
2019-09-12,,,,,,,,,0.3205,,,,
2019-09-13,,,,,,,,,0.3168,,,,
2019-09-14,,,,,,,,,0.3217,,,,
2019-09-15,,,,,,,,,0.3279,,,,
2019-09-16,,,,,,,,,0.3214,,,,
2019-09-17,,,,,,,,,0.319,,,,
2019-09-18,,,,,,,,,0.3411,,,,
2019-09-19,,,,,,,,,0.3222,,,,
2019-09-20,,,,,,,,,0.3201,,,,
2019-09-21,,,,,,,,,0.3157,,,,
2019-09-22,,,,,,,,,0.3003,,,,
2019-09-23,,,,,,,,,0.2674,,,,
2019-09-24,,,,,,,,,0.1947,,,,
2019-09-25,,,,,,,,,0.205,,,,
2019-09-26,,,,,,,,,0.19,,,,
2019-09-27,,,,,,,,,0.1902,,,,
2019-09-28,,,,,,,,,0.2036,,,,
2019-09-29,,,,,,,,,0.2247,,,,
2019-09-30,,,,,,,,,0.2518,,,,
2019-10-01,,,,,,,,,0.234,,,,
2019-10-02,,,,,,,,,0.2335,,,,
2019-10-03,,,,,,,,,0.2293,,,,
2019-10-04,,,,,,,,,0.2286,,,,
2019-10-05,,,,,,,,,0.2261,,,,
2019-10-06,,,,,,,,,0.2122,,,,
2019-10-07,,,,,,,,,0.2178,,,,
2019-10-08,,,,,,,,,0.225,,,,
2019-10-09,,,,,,,,,0.2399,,,,
2019-10-10,,,,,,,,,0.252,,,,
2019-10-11,,,,,,,,,0.2505,,,,
2019-10-12,,,,,,,,,0.2556,,,,
2019-10-13,,,,,,,,,0.2508,,,,
2019-10-14,,,,,,,,,0.2667,,,,
2019-10-15,,,,,,,,,0.2475,,,,
2019-10-16,,,,,,,,,0.229,,,,
2019-10-17,,,,,,,,,0.2358,,,,
2019-10-18,,,,,,,,,0.2258,,,,
2019-10-19,,,,,,,,,0.2232,,,,
2019-10-20,,,,,,,,,0.2259,,,,
2019-10-21,,,,,,,,,0.2267,,,,
2019-10-22,,,,,,,,,0.218,,,,
2019-10-23,,,,,,,,,0.2007,,,,
2019-10-24,,,,,,,,,0.2021,,,,
2019-10-25,,,,,,,,,0.214,,,,
2019-10-26,,,,,,,,,0.2164,,,,
2019-10-27,,,,,,,,,0.2201,,,,
2019-10-28,,,,,,,,,0.2322,,,,
2019-10-29,,,,,,,,,0.2262,,,,
2019-10-30,,,,,,,,,0.2121,,,,
2019-10-31,,,,,,,,,0.2229,,,,
2019-11-01,,,,,,,,,0.2618,,,,
2019-11-02,,,,,,,,,0.2597,,,,
2019-11-03,,,,,,,,,0.266,,,,
2019-11-04,,,,,,,,,0.2575,,,,
2019-11-05,,,,,,,,,0.2856,,,,
2019-11-06,,,,,,,,,0.2831,,,,
2019-11-07,,,,,,,,,0.27,,,,
2019-11-08,,,,,,,,,0.2553,,,,
2019-11-09,,,,,,,,,0.2631,,,,
2019-11-10,,,,,,,,,0.2689,,,,
2019-11-11,,,,,,,,,0.2833,,,,
2019-11-12,,,,,,,,,0.2732,,,,
2019-11-13,,,,,,,,,0.288,,,,
2019-11-14,,,,,,,,,0.2772,,,,
2019-11-15,,,,,,,,,0.2633,,,,
2019-11-16,,,,,,,,,0.2729,,,,
2019-11-17,,,,,,,,,0.268,,,,
2019-11-18,,,,,,,,,0.2488,,,,
2019-11-19,,,,,,,,,0.2447,,,,
2019-11-20,,,,,,,,,0.2531,,,,
2019-11-21,,,,,,,,,0.2459,,,,
2019-11-22,,,,,,,,,0.2232,,,,
2019-11-23,,,,,,,,,0.2295,,,,
2019-11-24,,,,,,,,,0.2034,,,,
2019-11-25,,,,,,,,,0.2104,,,,
2019-11-26,,,,,,,,,0.2259,,,,
2019-11-27,,,,,,,,,0.2253,,,,
2019-11-28,,,,,,,,,0.2831,,,,
2019-11-29,,,,,,,,,0.2757,,,,
2019-11-30,,,,,,,,,0.2655,,,,
2019-12-01,,,,,,,,,0.2687,,,,
2019-12-02,,,,,,,,,0.2778,,,,
2019-12-03,,,,,,,,,0.287,,,,
2019-12-04,,,,,,,,,0.2622,,,,
2019-12-05,,,,,,,,,0.2669,,,,
2019-12-06,,,,,,,,,0.2695,,,,
2019-12-07,,,,,,,,,0.2762,,,,
2019-12-08,,,,,,,,,0.2938,,,,
2019-12-09,,,,,,,,,0.294,,,,
2019-12-10,,,,,,,,,0.2744,,,,
2019-12-11,,,,,,,,,0.2887,,,,
2019-12-12,,,,,,,,,0.277,,,,
2019-12-13,,,,,,,,,0.2715,,,,
2019-12-14,,,,,,,,,0.2517,,,,
2019-12-15,,,,,,,,,0.2672,,,,
2019-12-16,,,,,,,,,0.241,,,,
2019-12-17,,,,,,,,,0.2183,,,,
2019-12-18,,,,,,,,,0.2437,,,,
2019-12-19,,,,,,,,,0.2286,,,,
2019-12-20,,,,,,,,,0.24,,,,
2019-12-21,,,,,,,,,0.2408,,,,
2019-12-22,,,,,,,,,0.2478,,,,
2019-12-23,,,,,,,,,0.2404,,,,
2019-12-24,,,,,,,,,0.2286,,,,
2019-12-25,,,,,,,,,0.2285,,,,
2019-12-26,,,,,,,,,0.2391,,,,
2019-12-27,,,,,,,,,0.2285,,,,
2019-12-28,,,,,,,,,0.2319,,,,
2019-12-29,,,,,,,,,0.2314,,,,
2019-12-30,,,,,,,,,0.2245,,,,
2019-12-31,,,,,,,,,0.2154,,,,
2020-01-01,,,,,,,,,0.2191,,,,
2020-01-02,,,,,,,,,0.2133,,,,
2020-01-03,,,,,,,,,0.227,,,,
2020-01-04,,,,,,,,,0.2345,,,,
2020-01-05,,,,,,,,,0.2294,,,,
2020-01-06,,,,,,,,,0.2425,,,,
2020-01-07,,,,,,,,,0.2305,,,,
2020-01-08,,,,,,,,,0.2275,,,,
2020-01-09,,,,,,,,,0.2231,,,,
2020-01-10,,,,,,,,,0.2269,,,,
2020-01-11,,,,,,,,,0.226,,,,
2020-01-12,,,,,,,,,0.2291,,,,
2020-01-13,,,,,,,,,0.2275,,,,
2020-01-14,,,,,,,,,0.2297,,,,
2020-01-15,,,,,,,,,0.2484,,,,
2020-01-16,,,,,,,,,0.2413,,,,
2020-01-17,,,,,,,,,0.2625,,,,
2020-01-18,,,,,,,,,0.2587,,,,
2020-01-19,,,,,,,,,0.2396,,,,
2020-01-20,,,,,,,,,0.2366,,,,
2020-01-21,,,,,,,,,0.2486,,,,
2020-01-22,,,,,,,,,0.2456,,,,
2020-01-23,,,,,,,,,0.2351,,,,
2020-01-24,,,,,,,,,0.232,,,,
2020-01-25,,,,,,,,,0.2329,,,,
2020-01-26,,,,,,,,,0.2372,,,,
2020-01-27,,,,,,,,,0.2391,,,,
2020-01-28,,,,,,,,,0.2432,,,,
2020-01-29,,,,,,,,,0.2399,,,,
2020-01-30,,,,,,,,,0.241,,,,
2020-01-31,,,,,,,,,0.2467,,,,
2020-02-01,,,,,,,,,0.248,,,,
2020-02-02,,,,,,,,,0.2525,,,,
2020-02-03,,,,,,,,,0.263,,,,
2020-02-04,,,,,,,,,0.2805,,,,
2020-02-05,,,,,,,,,0.276,,,,
2020-02-06,,,,,,,,,0.2899,,,,
2020-02-07,,,,,,,,,0.3126,,,,
2020-02-08,,,,,,,,,0.3065,,,,
2020-02-09,,,,,,,,,0.3423,,,,
2020-02-10,,,,,,,,,0.3576,,,,
2020-02-11,,,,,,,,,0.3704,,,,
2020-02-12,,,,,,,,,0.3891,,,,
2020-02-13,,,,,,,,,0.349,,,,
2020-02-14,,,,,,,,,0.3687,,,,
2020-02-15,,,,,,,,,0.3346,,,,
2020-02-16,,,,,,,,,0.3465,,,,
2020-02-17,,,,,,,,,0.3302,,,,
2020-02-18,,,,,,,,,0.3523,,,,
2020-02-19,,,,,,,,,0.3478,,,,
2020-02-20,,,,,,,,,0.4364,,,,
2020-02-21,,,,,,,,,0.4192,,,,
2020-02-22,,,,,,,,,0.45,,,,
2020-02-23,,,,,,,,,0.4617,,,,
2020-02-24,,,,,,,,,0.497,,,,
2020-02-25,,,,,,,,,0.3914,,,,
2020-02-26,,,,,,,,,0.3641,,,,
2020-02-27,,,,,,,,,0.375,,,,
2020-02-28,,,,,,,,,0.3493,,,,
2020-02-29,,,,,,,,,0.325,,,,
2020-03-01,,,,,,,,,0.3195,,,,
2020-03-02,,,,,,,,,0.373,,,,
2020-03-03,,,,,,,,,0.3699,,,,
2020-03-04,,,,,,,,,0.3932,,,,
2020-03-05,,,,,,,,,0.378,,,,
2020-03-06,,,,,,,,,0.3757,,,,
2020-03-07,,,,,,,,,0.3383,,,,
2020-03-08,,,,,,,,,0.2877,,,,
2020-03-09,,,,,,,,,0.2793,,,,
2020-03-10,,,,,,,,,0.2818,,,,
2020-03-11,,,,,,,,,0.27,,,,
2020-03-12,,,,,,,,,0.1393,,,,
2020-03-13,,,,,,,,,0.1539,,,,
2020-03-14,,,,,,,,,0.1475,,,,
2020-03-15,,,,,,,,,0.1431,,,,
2020-03-16,,,,,,,,,0.1262,,,,
2020-03-17,,,,,,,,,0.1392,,,,
2020-03-18,,,,,,,,,0.1416,,,,
2020-03-19,,,,,,,,,0.158,,,,
2020-03-20,,,,,,,,,0.158,,,,
2020-03-21,,,,,,,,,0.1527,,,,
2020-03-22,,,,,,,,,0.146,,,,
2020-03-23,,,,,,,,,0.1611,,,,
2020-03-24,,,,,,,,,0.1586,,,,
2020-03-25,,,,,,,,,0.1547,,,,
2020-03-26,,,,,,,,,0.1591,,,,
2020-03-27,,,,,,,,,0.1537,,,,
2020-03-28,,,,,,,,,0.1503,,,,
2020-03-29,,,,,,,,,0.1446,,,,
2020-03-30,,,,,,,,,0.1549,,,,
2020-03-31,,,,,,,,,0.154,,,,
2020-04-01,,,,,,,,,0.1542,,,,
2020-04-02,,,,,,,,,0.1583,,,,
2020-04-03,,,,,,,,,0.1583,,,,
2020-04-04,,,,,,,,,0.1788,,,,
2020-04-05,,,,,,,,,0.1719,,,,
2020-04-06,,,,,,,,,0.1881,,,,
2020-04-07,,,,,,,,,0.1857,,,,
2020-04-08,,,,,,,,,0.204,,,,
2020-04-09,,,,,,,,,0.2006,,,,
2020-04-10,,,,,,,,,0.1793,,,,
2020-04-11,,,,,,,,,0.1803,,,,
2020-04-12,,,,,,,,,0.1778,,,,
2020-04-13,,,,,,,,,0.1765,,,,
2020-04-14,,,,,,,,,0.1771,,,,
2020-04-15,,,,,,,,,0.1676,,,,
2020-04-16,,,,,,,,,0.186,,,,
2020-04-17,,,,,,,,,0.188,,,,
2020-04-18,,,,,,,,,0.1987,,,,
2020-04-19,,,,,,,,,0.1879,,,,
2020-04-20,,,,,,,,,0.1767,,,,
2020-04-21,,,,,,,,,0.1784,,,,
2020-04-22,,,,,,,,,0.1872,,,,
2020-04-23,,,,,,,,,0.1953,,,,
2020-04-24,,,,,,,,,0.2094,,,,
2020-04-25,,,,,,,,,0.2109,,,,
2020-04-26,,,,,,,,,0.227,,,,
2020-04-27,,,,,,,,,0.2173,,,,
2020-04-28,,,,,,,,,0.2162,,,,
2020-04-29,,,,,,,,,0.2316,,,,
2020-04-30,,,,,,,,,0.2102,,,,
2020-05-01,,,,,,,,,0.2135,,,,
2020-05-02,,,,,,,,,0.219,,,,
2020-05-03,,,,,,,,,0.2061,,,,
2020-05-04,,,,,,,,,0.2062,,,,
2020-05-05,,,,,,,,,0.2081,,,,
2020-05-06,,,,,,,,,0.1967,,,,
2020-05-07,,,,,,,,,0.2046,,,,
2020-05-08,,,,,,,,,0.2165,,,,
2020-05-09,,,,,,,,,0.2131,,,,
2020-05-10,,,,,,,,,0.1921,,,,
2020-05-11,,,,,,,,,0.187,,,,
2020-05-12,,,,,,,,,0.1933,,,,
2020-05-13,,,,,,,,,0.1955,,,,
2020-05-14,,,,,,,,,0.1971,,,,
2020-05-15,,,,,,,,,0.1916,,,,
2020-05-16,,,,,,,,,0.1976,,,,
2020-05-17,,,,,,,,,0.1978,,,,
2020-05-18,,,,,,,,,0.2014,,,,
2020-05-19,,,,,,,,,0.2007,,,,
2020-05-20,,,,,,,,,0.2093,,,,
2020-05-21,,,,,,,,,0.1911,,,,
2020-05-22,,,,,,,,,0.2047,,,,
2020-05-23,,,,,,,,,0.2017,,,,
2020-05-24,,,,,,,,,0.1971,,,,
2020-05-25,,,,,,,,,0.2115,,,,
2020-05-26,,,,,,,,,0.2184,,,,
2020-05-27,,,,,,,,,0.2201,,,,
2020-05-28,,,,,,,,,0.227,,,,
2020-05-29,,,,,,,,,0.2283,,,,
2020-05-30,,,,,,,,,0.2434,,,,
2020-05-31,,,,,,,,,0.2327,,,,
2020-06-01,,,,,,,,,0.25,,,,
2020-06-02,,,,,,,,,0.2455,,,,
2020-06-03,,,,,,,,,0.2421,,,,
2020-06-04,,,,,,,,,0.2418,,,,
2020-06-05,,,,,,,,,0.232,,,,
2020-06-06,,,,,,,,,0.2374,,,,
2020-06-07,,,,,,,,,0.2322,,,,
2020-06-08,,,,,,,,,0.2349,,,,
2020-06-09,,,,,,,,,0.2424,,,,
2020-06-10,,,,,,,,,0.2474,,,,
2020-06-11,,,,,,,,,0.2302,,,,
2020-06-12,,,,,,,,,0.232,,,,
2020-06-13,,,,,,,,,0.2345,,,,
2020-06-14,,,,,,,,,0.2326,,,,
2020-06-15,,,,,,,,,0.2265,,,,
2020-06-16,,,,,,,,,0.2355,,,,
2020-06-17,,,,,,,,,0.2444,,,,
2020-06-18,,,,,,,,,0.2403,,,,
2020-06-19,,,,,,,,,0.2315,,,,
2020-06-20,,,,,,,,,0.2306,,,,
2020-06-21,,,,,,,,,0.2322,,,,
2020-06-22,,,,,,,,,0.2412,,,,
2020-06-23,,,,,,,,,0.2495,,,,
2020-06-24,,,,,,,,,0.2387,,,,
2020-06-25,,,,,,,,,0.2343,,,,
2020-06-26,,,,,,,,,0.222,,,,
2020-06-27,,,,,,,,,0.2053,,,,
2020-06-28,,,,,,,,,0.2079,,,,
2020-06-29,,,,,,,,,0.2144,,,,
2020-06-30,,,,,,,,,0.2083,,,,
2020-07-01,,,,,,,,,0.2143,,,,
2020-07-02,,,,,,,,,0.2048,,,,
2020-07-03,,,,,,,,,0.2034,,,,
2020-07-04,,,,,,,,,0.2178,,,,
2020-07-05,,,,,,,,,0.216,,,,
2020-07-06,,,,,,,,,0.2287,,,,
2020-07-07,,,,,,,,,0.2325,,,,
2020-07-08,,,,,,,,,0.2468,,,,
2020-07-09,,,,,,,,,0.2409,,,,
2020-07-10,,,,,,,,,0.2505,,,,
2020-07-11,,,,,,,,,0.2794,,,,
2020-07-12,,,,,,,,,0.2798,,,,
2020-07-13,,,,,,,,,0.2651,,,,
2020-07-14,,,,,,,,,0.2722,,,,
2020-07-15,,,,,,,,,0.288,,,,
2020-07-16,,,,,,,,,0.3541,,,,
2020-07-17,,,,,,,,,0.3464,,,,
2020-07-18,,,,,,,,,0.3563,,,,
2020-07-19,,,,,,,,,0.3888,,,,
2020-07-20,,,,,,,,,0.3571,,,,
2020-07-21,,,,,,,,,0.3462,,,,
2020-07-22,,,,,,,,,0.3456,,,,
2020-07-23,,,,,,,,,0.3299,,,,
2020-07-24,,,,,,,,,0.3123,,,,
2020-07-25,,,,,,,,,0.3193,,,,
2020-07-26,,,,,,,,,0.3217,,,,
2020-07-27,,,,,,,,,0.288,,,,
2020-07-28,,,,,,,,,0.3154,,,,
2020-07-29,,,,,,,,,0.308,,,,
2020-07-30,,,,,,,,,0.335,,,,
2020-07-31,,,,,,,,,0.3278,,,,
2020-08-01,,,,,,,,,0.3288,,,,
2020-08-02,,,,,,,,,0.3014,,,,
2020-08-03,,,,,,,,,0.3102,,,,
2020-08-04,,,,,,,,,0.3272,,,,
2020-08-05,,,,,,,,,0.3353,,,,
2020-08-06,,,,,,,,,0.3644,,,,
2020-08-07,,,,,,,,,0.3697,,,,
2020-08-08,,,,,,,,,0.4525,,,,
2020-08-09,,,,,,,,,0.424,,,,
2020-08-10,,,,,,,,,0.4692,,,,
2020-08-11,,,,,,,,,0.4361,,,,
2020-08-12,,,,,,,,,0.524,,,,
2020-08-13,,,,,,,,,0.6707,,,,
2020-08-14,,,,,,,,,0.6388,,,,
2020-08-15,,,,,,,,,0.635,,,,
2020-08-16,,,,,,,,,0.6294,,,,
2020-08-17,,,,,,,,,0.5884,,,,
2020-08-18,,,,,,,,,0.5569,,,,
2020-08-19,,,,,,,,,0.5961,,,,
2020-08-20,,,,,,,,,0.627,,,,
2020-08-21,,,,,,,,,0.5302,,,,
2020-08-22,,,,,,,,,0.5643,,,,
2020-08-23,,,,,,,,,0.6148,,,,
2020-08-24,,,,,,,,,0.6299,,,,
2020-08-25,,,,,,,,,0.5609,,,,
2020-08-26,,,,,,,,,0.5504,,,,
2020-08-27,,,,,,,,,0.5222,,,,
2020-08-28,,,,,,,,,0.5339,,,,
2020-08-29,,,,,,,,,0.534,,,,
2020-08-30,,,,,,,,,0.5183,,,,
2020-08-31,,,,,,,,,0.5019,,,,
2020-09-01,,,,,,,,,0.517,,,,
2020-09-02,,,,,,,,,0.4638,,,,
2020-09-03,,,,,,,,,0.3493,,,,
2020-09-04,,,,,,,,,0.3781,,,,
2020-09-05,,,,,,,,,0.342,,,,
2020-09-06,,,,,,,,,0.3757,,,,
2020-09-07,,,,,,,,,0.373,,,,
2020-09-08,,,,,,,,,0.3493,,,,
2020-09-09,,,,,,,,,0.4126,,,,
2020-09-10,,,,,,,,,0.4129,,,,
2020-09-11,,,,,,,,,0.412,,,,
2020-09-12,,,,,,,,,0.4085,,,,
2020-09-13,,,,,,,,,0.3774,,,,
2020-09-14,,,,,,,,,0.3816,,,,
2020-09-15,,,,,,,,,0.354,,,,
2020-09-16,,,,,,,,,0.3601,,,,
2020-09-17,,,,,,,,,0.3564,,,,
2020-09-18,,,,,,,,,0.337,,,,
2020-09-19,,,,,,,,,0.3419,,,,
2020-09-20,,,,,,,,,0.3277,,,,
2020-09-21,,,,,,,,,0.2869,,,,
2020-09-22,,,,,,,,,0.3064,,,,
2020-09-23,,,,,,,,,0.269,,,,
2020-09-24,,,,,,,,,0.2938,,,,
2020-09-25,,,,,,,,,0.3174,,,,
2020-09-26,,,,,,,,,0.325,,,,
2020-09-27,,,,,,,,,0.3206,,,,
2020-09-28,,,,,,,,,0.3259,,,,
2020-09-29,,,,,,,,,0.3398,,,,
2020-09-30,,,,,,,,,0.347,,,,
2020-10-01,,,,,,,,,0.3349,,,,
2020-10-02,,,,,,,,,0.3159,,,,
2020-10-03,,,,,,,,,0.3153,,,,
2020-10-04,,,,,,,,,0.312,,,,
2020-10-05,,,,,,,,,0.3184,,,,
2020-10-06,,,,,,,,,0.2861,,,,
2020-10-07,,,,,,,,,0.3064,,,,
2020-10-08,,,,,,,,,0.3084,,,,
2020-10-09,,,,,,,,,0.3289,,,,
2020-10-10,,,,,,,,,0.3264,,,,
2020-10-11,,,,,,,,,0.3313,,,,
2020-10-12,,,,,,,,,0.3444,,,,
2020-10-13,,,,,,,,,0.3429,,,,
2020-10-14,,,,,,,,,0.3282,,,,
2020-10-15,,,,,,,,,0.315,,,,
2020-10-16,,,,,,,,,0.3005,,,,
2020-10-17,,,,,,,,,0.3127,,,,
2020-10-18,,,,,,,,,0.3158,,,,
2020-10-19,,,,,,,,,0.3039,,,,
2020-10-20,,,,,,,,,0.2873,,,,
2020-10-21,,,,,,,,,0.3018,,,,
2020-10-22,,,,,,,,,0.3163,,,,
2020-10-23,,,,,,,,,0.3092,,,,
2020-10-24,,,,,,,,,0.3078,,,,
2020-10-25,,,,,,,,,0.3024,,,,
2020-10-26,,,,,,,,,0.291,,,,
2020-10-27,,,,,,,,,0.2878,,,,
2020-10-28,,,,,,,,,0.2762,,,,
2020-10-29,,,,,,,,,0.2574,,,,
2020-10-30,,,,,,,,,0.2545,,,,
2020-10-31,,,,,,,,,0.2488,,,,
2020-11-01,,,,,,,,,0.2593,,,,
2020-11-02,,,,,,,,,0.2471,,,,
2020-11-03,,,,,,,,,0.2338,,,,
2020-11-04,,,,,,,,,0.2388,,,,
2020-11-05,,,,,,,,,0.248,,,,
2020-11-06,,,,,,,,,0.2767,,,,
2020-11-07,,,,,,,,,0.2583,,,,
2020-11-08,,,,,,,,,0.2663,,,,
2020-11-09,,,,,,,,,0.2605,,,,
2020-11-10,,,,,,,,,0.2896,,,,
2020-11-11,,,,,,,,,0.2785,,,,
2020-11-12,,,,,,,,,0.2667,,,,
2020-11-13,,,,,,,,,0.2807,,,,
2020-11-14,,,,,,,,,0.2659,,,,
2020-11-15,,,,,,,,,0.2572,,,,
2020-11-16,,,,,,,,,0.2713,,,,
2020-11-17,,,,,,,,,0.2747,,,,
2020-11-18,,,,,,,,,0.2673,,,,
2020-11-19,,,,,,,,,0.2655,,,,
2020-11-20,,,,,,,,,0.2843,,,,
2020-11-21,,,,,,,,,0.3177,,,,
2020-11-22,,,,,,,,,0.2982,,,,
2020-11-23,,,,,,,,,0.3361,,,,
2020-11-24,,,,,,,,,0.3584,,,,
2020-11-25,,,,,,,,,0.3424,,,,
2020-11-26,,,,,,,,,0.3014,,,,
2020-11-27,,,,,,,,,0.3003,,,,
2020-11-28,,,,,,,,,0.313,,,,
2020-11-29,,,,,,,,,0.3175,,,,
2020-11-30,,,,,,,,,0.3294,,,,
2020-12-01,,,,,,,,,0.3081,,,,
2020-12-02,,,,,,,,,0.3416,,,,
2020-12-03,,,,,,,,,0.3407,,,,
2020-12-04,,,,,,,,,0.3255,,,,
2020-12-05,,,,,,,,,0.3433,,,,
2020-12-06,,,,,,,,,0.3368,,,,
2020-12-07,,,,,,,,,0.3312,,,,
2020-12-08,,,,,,,,,0.3011,,,,
2020-12-09,,,,,,,,,0.3057,,,,
2020-12-10,,,,,,,,,0.2944,,,,
2020-12-11,,,,,,,,,0.2883,,,,
2020-12-12,,,,,,,,,0.3091,,,,
2020-12-13,,,,,,,,,0.3092,,,,
2020-12-14,,,,,,,,,0.3131,,,,
2020-12-15,,87.514,,,,,,,0.3249,,,,
2020-12-16,,87.686,,,,,,,0.3402,,,,
2020-12-17,,85.174,,,,,,,0.3322,,,,
2020-12-18,,90.999,,,,,,,0.3537,,,,
2020-12-19,,88.767,,,,,,,0.3561,,,,
2020-12-20,,85.46,,,,,,,0.3396,,,,
2020-12-21,,80.82,,,,,,,0.3248,,,,
2020-12-22,,84.357,,,,,,,0.3366,,,,
2020-12-23,,75.608,,,,,,,0.2891,,,,
2020-12-24,,80.633,,,,,,,0.3141,,,,
2020-12-25,,79.771,,,,,,,0.3088,,,,
2020-12-26,,75.033,,,,,,,0.3093,,,,
2020-12-27,,76.857,,,,,,,0.3185,,,,
2020-12-28,,81.798,,,,,,,0.3576,,,,
2020-12-29,,78.076,,,,,,,0.3462,,,,
2020-12-30,,81.24,,,,,,,0.3355,,,,
2020-12-31,,88.571,,,,,,,0.3363,,,,
2021-01-01,,91.119,,,,,,,0.3991,,,,
2021-01-02,,85.825,,,,,,,0.4082,,,,
2021-01-03,,93.86,,,,,,,0.4258,,,,
2021-01-04,,114.359,,,,,,,0.4495,,,,
2021-01-05,,119.923,,,,,,,0.4807,,,,
2021-01-06,,115.767,,,,,,,0.513,,,,
2021-01-07,,115.202,,,,,,,0.4615,,,,
2021-01-08,,110.818,,,,,,,0.4557,,,,
2021-01-09,,118.144,,,,,,,0.4868,,,,
2021-01-10,,126.937,,,,,,,0.4575,,,,
2021-01-11,,114.278,,,,,,,0.4178,,,,
2021-01-12,,127.558,,,,,,,0.3989,,,,
2021-01-13,,147.23,,,,,,,0.4505,,,,
2021-01-14,,147.716,,,,,,,0.4557,,,,
2021-01-15,,166.506,,,,,,,0.4866,,,,
2021-01-16,,181.002,,,,,,,0.5189,,,,
2021-01-17,,186.876,,,,,,,0.5874,,,,
2021-01-18,,200.41,,,,,,,0.567,,,,
2021-01-19,,186.294,,,,,,,0.5211,,,,
2021-01-20,,196.936,,,,,,,0.5486,,,,
2021-01-21,,160.352,,,,,,,0.4616,,,,
2021-01-22,,189.8,,,,,,,0.5085,,,,
2021-01-23,,213.919,,,,,,,0.5571,,,,
2021-01-24,,264.243,,,,,,,0.5631,,,,
2021-01-25,,248.076,,,,,,,0.5562,,,,
2021-01-26,,277.808,,,,,,,0.6012,,,,
2021-01-27,,286.685,,,,,,,0.542,,,,
2021-01-28,,298.246,,,,,,,0.561,,,,
2021-01-29,,288.095,,,,,,,0.6367,,,,
2021-01-30,,315.493,,,,,,,0.6654,,,,
2021-01-31,,300.3,,,,,,,0.6532,,,,
2021-02-01,,294.671,,,,,,,0.644,,,,
2021-02-02,,303.527,,,,,,,0.6515,,,,
2021-02-03,,385.608,,,,,,,0.7465,,,,
2021-02-04,,467.422,,,,,,,0.7072,,,,
2021-02-05,,506.688,,,,,,,0.836,,,,
2021-02-06,,473.986,,,,,,,0.8135,,,,
2021-02-07,,473.491,,,,,,,0.8462,,,,
2021-02-08,,489.702,,,,,,,1.0066,,,,
2021-02-09,,489.397,,,,,,,1.0303,,,,
2021-02-10,,523.231,,,,,,,1.0326,,,,
2021-02-11,,518.269,,,,,,,1.2396,,,,
2021-02-12,,528.914,,,,,,,1.7221,,,,
2021-02-13,,494.752,,,,,,,1.674,,,,
2021-02-14,,468.708,,,,,,,1.4734,,,,
2021-02-15,,454.995,,,,,,,1.3571,,,,
2021-02-16,,433.114,,,,,,,1.3141,,,,
2021-02-17,,452.413,,,,,,,1.3684,,,,
2021-02-18,,441.853,,,,,,,1.3988,,,,
2021-02-19,,420.035,,,,,,,1.3721,,,,
2021-02-20,,442.274,,,,,,,1.3128,,,,
2021-02-21,,438.156,,,,,,,1.3087,,,,
2021-02-22,,399.733,,,,,,,1.144,,,,
2021-02-23,,364.594,,,,,,,1.0059,,,,
2021-02-24,,368.425,,,,,,,1.0615,,,,
2021-02-25,,338.621,,,,,,,0.9815,,,,
2021-02-26,,323.727,,,,,,,0.9728,,,,
2021-02-27,,333.076,,,,,,,1.1001,,,,
2021-02-28,,355.03,,,,,,,1.0237,,,,
2021-03-01,,385.606,,,,,,,1.0901,,,,
2021-03-02,,391.153,,,,,,,1.0839,,,,
2021-03-03,,396.012,,,,,,,1.1786,,,,
2021-03-04,,374.509,,,,,,,1.09,,,,
2021-03-05,,367.543,,,,,,,1.0535,,,,
2021-03-06,,388.911,,,,,,,1.0512,,,,
2021-03-07,,414.995,,,,,,,1.1075,,,,
2021-03-08,,437.357,,,,,,,1.1565,,,,
2021-03-09,,444.893,,,,,,,1.1802,,,,
2021-03-10,,406.341,,,,,,,1.1097,,,,
2021-03-11,,406.8,,,,,,,1.0849,,,,
2021-03-12,,374.527,,,,,,,1.0501,,,,
2021-03-13,,413.962,,,,,,,1.1379,,,,
2021-03-14,,380.362,,,,,,,1.1187,,,,
2021-03-15,,367.543,,,,,,,1.1965,,,,
2021-03-16,,370.579,,,,,,,1.2022,,,,
2021-03-17,,382.535,,,,,,,1.2895,,,,
2021-03-18,,363.053,,1.23,,,,,1.2568,,,,
2021-03-19,,368.665,,1.3076,,,,,1.2489,,,,
2021-03-20,,370.317,,1.2013,,,,,1.2096,,,,
2021-03-21,,367.751,,1.1885,,,,,1.1801,,,,
2021-03-22,,336.101,,1.1027,,,,,1.1043,,,,
2021-03-23,,330.229,,1.1178,,,,,1.1115,,,,
2021-03-24,,308.313,,1.0674,,,,,1.0272,,,,
2021-03-25,,325.493,,1.0963,,,,,1.043,,,0.12194,
2021-03-26,,358.727,,1.2144,,,,,1.1183,,,0.13311,
2021-03-27,,351.372,,1.1768,,,,,1.1585,,,0.19135,
2021-03-28,,347.428,,1.1903,,,,,1.2346,,,0.16646,
2021-03-29,,360.69,,1.2032,,,,,1.4016,,,0.165,
2021-03-30,,377.454,,1.2135,,,,,1.3253,,,0.16526,
2021-03-31,,383.306,,1.1934,,,,,1.3667,,,0.15743,
2021-04-01,,382.302,,1.1842,,,,,1.3213,,,0.16181,
2021-04-02,,420.086,,1.1908,,,,,1.3593,,,0.1693,
2021-04-03,,379.352,,1.1637,,,,,1.2642,,,0.1528,
2021-04-04,,403.915,,1.1817,,,,,1.3096,,,0.16126,
2021-04-05,,398.371,,1.2123,,,,,1.4012,,,0.15713,
2021-04-06,,383.307,,1.2566,,,,,1.3996,,,0.14963,
2021-04-07,,348.898,,1.1745,,,,,1.303,,,0.13735,
2021-04-08,,371.393,,1.2195,,,,,1.3511,,,0.15446,
2021-04-09,6.119,358.845,,1.2027,,,,,1.3933,,,0.15746,
2021-04-10,5.734,367.929,,1.2176,,,,,1.3903,,,0.14977,
2021-04-11,5.679,372.088,,1.2647,,,,,1.5199,,,0.14668,
2021-04-12,5.5,397.116,,1.3153,,,,,1.4832,,,0.15915,
2021-04-13,5.61,399.156,,1.414,,,,,1.5157,,,0.16356,
2021-04-14,5.877,427.879,,1.4512,,,,,1.4647,,,0.15587,
2021-04-15,6.094,467.282,,1.4803,,,,,1.5714,,,0.17183,
2021-04-16,5.825,442.081,,1.413,,,,,1.5068,,,0.18401,
2021-04-17,6.481,425.402,,1.3772,,,,,1.703,,,0.18591,
2021-04-18,5.313,382.094,,1.2804,,,,,1.4608,,,0.1663,
2021-04-19,4.845,345.578,,1.1963,,,,,1.2936,,,0.15061,
2021-04-20,5.025,361.116,,1.2689,,,,,1.2912,,,0.15393,
2021-04-21,5.016,350.132,,1.2042,,,,,1.2115,,,0.14706,
2021-04-22,4.597,360.1,,1.1456,,,,,1.1627,,,0.13423,
2021-04-23,4.286,344.387,,1.1599,,,,,1.1697,,,0.13729,
2021-04-24,3.955,317.649,,1.1047,,,,,1.0901,,,0.12462,
2021-04-25,4.0,349.031,,1.0927,,,,,1.0958,,,0.12616,
2021-04-26,4.54,406.123,,1.239,,,,,1.2367,,,0.14623,
2021-04-27,5.12,440.869,,1.3081,,,,,1.3107,,,0.15376,
2021-04-28,5.58,461.038,,1.3383,,,,,1.2901,,,0.17321,
2021-04-29,5.477,438.792,,1.3076,,,,,1.3234,,,0.16436,
2021-04-30,5.651,444.998,,1.3556,,,,,1.4046,,,0.17715,
2021-05-01,5.525,504.894,,1.3537,,,,,1.3956,,,0.17832,
2021-05-02,5.366,483.104,,1.3284,,,,,1.3898,,,0.17124,
2021-05-03,5.879,518.421,,1.3634,,,,,1.4362,,,0.17021,
2021-05-04,5.249,448.723,,1.2719,,,,,1.2746,,,0.15407,
2021-05-05,5.993,481.51,,1.4827,,,,,1.4436,,,0.16379,
2021-05-06,6.613,453.189,,1.6503,,,,,1.5453,,,0.15923,
2021-05-07,6.588,445.644,,1.6551,,,,,1.5794,,,0.16267,
2021-05-08,7.507,467.226,,1.625,,,,,1.5207,,,0.16087,
2021-05-09,7.084,459.708,,1.7704,,,,,1.5172,,,0.1581,
2021-05-10,6.174,434.013,,1.6449,,,,,1.3719,,,0.143,
2021-05-11,6.546,458.592,,1.7661,,,,,1.4749,,,0.15875,
2021-05-12,5.599,510.858,,1.5667,,,,,1.2762,,,0.13697,
2021-05-13,5.579,509.364,,1.9556,,,,,1.3527,,,0.13525,
2021-05-14,5.745,595.113,,2.011,,,,,1.4779,,,0.14395,
2021-05-15,5.257,517.353,,2.1935,,,,,1.3891,,,0.13433,
2021-05-16,5.133,528.4,,2.3101,,,,,1.3979,,,0.1412,
2021-05-17,4.707,572.172,,2.0324,,,,,1.2861,,,0.1323,
2021-05-18,5.267,628.5,,2.0049,,,,,1.3658,,,0.15527,
2021-05-19,3.213,413.28,,1.4919,,,,,0.9494,,,0.11022,
2021-05-20,3.603,467.831,,1.806,,,,,1.1108,,,0.12539,
2021-05-21,3.12,375.265,,1.5525,,,,,0.9771,,,0.12198,
2021-05-22,2.716,334.658,,1.4652,,,,,0.9739,,,0.11143,
2021-05-23,2.335,293.573,,1.3178,,,,,0.8188,,,0.10124,
2021-05-24,2.951,387.613,,1.55,,,,,0.9819,,,0.1128,
2021-05-25,2.891,370.743,,1.5549,,,,,0.9766,,,0.10587,
2021-05-26,3.43,414.68,,1.7811,,,,,1.0248,,,0.11449,
2021-05-27,3.286,372.46,,1.6567,,,,,0.976,,,0.10926,
2021-05-28,2.768,319.841,,1.5141,,,,,0.9,,,0.10016,
2021-05-29,2.569,298.395,,1.4051,,,,,0.8328,,,0.09467,
2021-05-30,2.884,324.369,,1.5769,,,,,0.8493,,,0.10008,
2021-05-31,3.201,382.0,,1.7391,,,,,0.9359,,,0.10638,
2021-06-01,3.12,373.362,,1.7349,,,,,0.8952,,,0.10703,
2021-06-02,3.373,383.617,,1.7542,,,,,1.0196,,,0.1076,
2021-06-03,3.495,398.296,,1.8456,,,,,1.1112,,,0.11144,
2021-06-04,3.388,373.24,,1.7085,,,,,1.0285,,,0.10137,
2021-06-05,3.687,356.249,,1.657,,,,,0.977,,,0.10135,
2021-06-06,3.911,365.647,,1.6778,,,,,1.025,,,0.10337,
2021-06-07,3.403,334.804,,1.5665,,,,,0.9648,,,0.09385,
2021-06-08,3.1,329.625,,1.5842,,,,,0.9416,,,0.09042,
2021-06-09,3.192,339.0,,1.6279,,,,,1.0408,,,0.09511,
2021-06-10,3.031,310.618,,1.5321,,,,,1.0501,,0.07324,0.08914,
2021-06-11,2.74,285.691,,1.4378,,,,,0.9736,,0.0616,0.08189,
2021-06-12,2.729,278.636,,1.4781,,,,,0.9906,,0.05923,0.08405,
2021-06-13,3.014,316.546,,1.5573,,,,,1.0417,,0.06053,0.08759,
2021-06-14,3.681,318.158,,1.5772,,,,,1.056,,0.07852,0.08725,
2021-06-15,3.743,311.7,,1.5545,,,,,1.032,,0.095,0.08542,
2021-06-16,3.595,290.455,,1.485,,,,,1.0165,,0.10877,0.07978,
2021-06-17,3.41,293.454,,1.4824,,,,,1.0641,,0.0977,0.08048,
2021-06-18,3.166,265.068,,1.4169,,,,,0.9924,,0.08203,0.07369,
2021-06-19,3.015,254.942,,1.3844,,,,,0.935,,0.08694,0.07168,
2021-06-20,3.395,272.65,,1.4252,,,,,0.9342,,0.09111,0.07296,
2021-06-21,2.674,212.47,,1.1734,,,,,0.7544,,0.06699,0.05658,
2021-06-22,2.402,206.358,,1.1586,,,,,0.7443,,0.06062,0.05482,
2021-06-23,2.608,207.802,,1.2508,,,,,0.8328,,0.06301,0.07632,
2021-06-24,2.724,211.139,,1.3602,,,,,0.8742,,0.06462,0.07755,
2021-06-25,2.348,186.779,,1.2529,,,,,0.7916,,0.05729,0.06787,
2021-06-26,2.35,187.219,,1.2518,,,,,0.8091,,0.056,0.06848,
2021-06-27,2.506,203.32,,1.3372,,,,,0.8352,,0.0616,0.07091,
2021-06-28,2.475,227.2,,1.326,,,,,0.8425,,0.05847,0.07339,
2021-06-29,2.545,238.318,,1.3736,,,,,0.8888,,0.05868,0.07883,
2021-06-30,2.537,250.657,,1.3863,,,,,0.8831,,0.05803,0.07937,
2021-07-01,2.367,230.321,,1.3325,,,,,0.834,,0.05672,0.07478,
2021-07-02,2.397,234.134,,1.3956,,,,,0.8456,,0.05765,0.07384,
2021-07-03,2.487,259.576,,1.4054,,,,,0.8766,,0.05775,0.07488,
2021-07-04,2.531,277.082,,1.4623,,,,,0.8796,,0.0558,0.07628,
2021-07-05,2.489,308.026,,1.4038,,,,,0.8733,,0.05487,0.07355,
2021-07-06,2.838,316.598,,1.4161,,,,,0.9129,,0.05535,0.07435,
2021-07-07,2.749,314.476,,1.4049,,,,,0.9057,,0.05695,0.07829,
2021-07-08,2.512,291.113,,1.3276,,,,,0.8678,,0.05548,0.07155,
2021-07-09,2.577,303.546,,1.351,,,,,0.9057,,0.05598,0.0718,
2021-07-10,2.491,294.712,,1.3356,,,,,0.8921,,0.05413,0.07089,
2021-07-11,2.516,304.971,,1.3486,,,,,0.8948,,0.05506,0.07212,
2021-07-12,2.418,296.503,,1.3129,,,,,0.8678,,0.05162,0.06963,
2021-07-13,2.321,271.31,,1.2654,,,,,0.875,,0.04899,0.06824,
2021-07-14,2.293,279.46,,1.2633,,,,,0.8581,,0.05007,0.07358,
2021-07-15,2.15,272.077,,1.2249,,,,,0.834,,0.0472,0.06811,
2021-07-16,1.964,253.506,,1.1714,,,,,0.7846,,0.04249,0.0619,
2021-07-17,2.012,253.175,,1.173,,,,,0.784,,0.04287,0.06188,
2021-07-18,2.026,253.786,,1.1815,,,,,0.7985,,0.04483,0.06216,
2021-07-19,1.787,238.534,,1.1226,,,,,0.7509,,0.04086,0.05848,
2021-07-20,1.707,223.346,,1.0559,,,,,0.6967,,0.04008,0.05518,
2021-07-21,1.831,259.338,,1.1703,,,,,0.77,,0.0435,0.05915,
2021-07-22,2.045,278.772,,1.1858,,,,,0.7964,,0.04411,0.06128,
2021-07-23,2.112,290.068,,1.2079,,,,,0.8081,,0.05244,0.06184,
2021-07-24,2.046,287.985,,1.2345,,,,,0.8265,,0.05045,0.06351,
2021-07-25,2.047,288.13,,1.2295,,,,,0.8915,,0.0623,0.06399,
2021-07-26,2.14,302.742,,1.2554,,,,,0.8479,,0.06837,0.07272,
2021-07-27,2.219,299.945,,1.2807,,,,,0.8573,,0.06976,0.08395,
2021-07-28,2.19,297.998,,1.288,,,,,0.8486,,0.0772,0.08341,
2021-07-29,2.247,312.203,,1.286,,,,,0.8462,,0.07526,0.08332,
2021-07-30,2.306,320.746,,1.3115,,,,,0.8537,,0.07341,0.08457,
2021-07-31,2.376,331.139,,1.3206,,,,,0.8399,,0.07207,0.08517,
2021-08-01,2.319,316.679,,1.3147,,,,,0.8123,,0.06692,0.10365,
2021-08-02,2.303,320.178,,1.3078,,,,,0.8166,,0.0663,0.09819,
2021-08-03,2.232,308.659,0.0234,1.3692,,,,,0.8188,,0.06048,0.09418,
2021-08-04,2.344,338.832,0.026985,1.3767,,,,,0.8286,,0.0617,0.09641,
2021-08-05,2.421,373.211,0.07,1.3867,,,,,0.8507,,0.05951,0.09614,
2021-08-06,2.511,370.018,0.155802,1.4032,,,,,0.8555,,0.06207,0.09715,
2021-08-07,2.707,385.45,0.097,1.4744,,,,,0.8763,,0.06204,0.10155,
2021-08-08,2.492,361.012,0.103025,1.4268,,,,,0.8262,,0.06007,0.09368,
2021-08-09,2.759,374.158,0.10157,1.4752,,,,,0.8551,,0.0611,0.09513,
2021-08-10,2.792,384.021,0.09108,1.6788,,,,,0.8829,,0.06058,0.09627,
2021-08-11,2.933,402.769,0.088584,1.7948,,,,,0.9121,,0.0611,0.09759,
2021-08-12,2.812,392.817,0.090055,1.8349,,,,,0.8845,,0.06027,0.09454,
2021-08-13,3.075,428.201,0.086738,2.1398,,,,,0.9552,,0.06251,0.10202,
2021-08-14,3.06,414.588,0.0854,2.1906,,,,,0.933,,0.06078,0.10304,
2021-08-15,3.05,410.437,0.081527,2.1686,,,,,0.9963,,0.06015,0.10736,
2021-08-16,3.034,412.401,0.074938,2.0725,,,,,0.9458,,0.06018,0.10172,
2021-08-17,3.072,381.268,0.067249,1.9223,,,,,0.8834,,0.0578,0.09512,
2021-08-18,3.109,380.531,0.079571,2.1046,,,,,0.9221,,0.05896,0.09731,
2021-08-19,3.427,405.382,0.07704,2.4411,,,,,1.0438,,0.06025,0.09975,
2021-08-20,3.448,409.652,0.087176,2.4567,,,,,1.1382,,0.06038,0.10279,
2021-08-21,3.368,400.225,0.100115,2.4377,,,,,1.149,,0.05969,0.10006,
2021-08-22,3.389,401.083,0.11107,2.711,,,,,1.158,,0.06066,0.10027,
2021-08-23,3.41,408.221,0.130154,2.9179,,,,,1.1611,,0.06808,0.10729,
2021-08-24,3.062,378.081,0.104372,2.7209,,,,,1.0369,,0.06155,0.09917,
2021-08-25,3.183,384.639,0.111035,2.7402,,,,,1.0651,,0.06104,0.10441,
2021-08-26,2.923,350.995,0.104086,2.5301,,,,,0.9891,,0.06014,0.10384,
2021-08-27,3.212,373.031,0.114793,2.9477,,,,,1.0651,,0.06031,0.10696,
2021-08-28,3.288,367.466,0.110847,2.8494,,,,,1.0395,,0.05971,0.11177,
2021-08-29,3.153,364.207,0.111579,2.853,,,,,1.0225,,0.05917,0.10792,
2021-08-30,3.012,357.91,0.100389,2.7368,,,,,1.0207,,0.05245,0.10118,
2021-08-31,3.057,391.836,0.098169,2.7698,,,,,1.113,,0.05318,0.10173,
2021-09-01,3.339,413.374,0.106758,2.8707,,,,,1.1617,,0.05444,0.10631,
2021-09-02,3.35,399.741,0.097947,2.9635,,,,,1.1434,,0.05813,0.10571,
2021-09-03,3.577,395.277,0.094844,2.9677,,,,,1.218,,0.05652,0.1083,
2021-09-04,3.679,398.398,0.0902,2.833,,,,,1.2082,,0.05511,0.11496,
2021-09-05,3.834,417.048,0.093052,2.9135,,,,,1.3152,,0.06167,0.12248,
2021-09-06,3.709,408.63,0.101127,2.8349,,,,,1.4601,,0.05929,0.12434,
2021-09-07,2.935,346.648,0.086421,2.5238,,,,,1.2764,,0.05249,0.09943,
2021-09-08,2.917,330.521,0.083103,2.47,,,,,1.9129,,0.05594,0.10032,
2021-09-09,3.029,329.929,0.080798,2.5182,,,,,2.3012,,0.05374,0.10215,
2021-09-10,2.884,312.019,0.073811,2.3826,,,,,2.0152,,0.0509,0.09554,
2021-09-11,2.91,328.852,0.076937,2.6364,,,,,1.9948,,0.05119,0.09839,
2021-09-12,2.989,333.267,0.0767,2.5806,,,,,2.3787,,0.05117,0.10016,
2021-09-13,2.84,331.046,0.075587,2.4022,,,,,2.1632,,0.05013,0.09541,
2021-09-14,3.075,384.107,0.075641,2.3987,,,,,2.0381,,0.05014,0.09841,
2021-09-15,3.298,414.753,0.076615,2.5052,,,,,2.0153,,0.05155,0.10131,
2021-09-16,3.325,384.077,0.077482,2.4169,,,,,2.038,,0.04942,0.09811,
2021-09-17,3.119,353.647,0.077313,2.3509,,,,,1.9249,,0.04787,0.09603,
2021-09-18,3.137,355.266,0.08107,2.3706,,,,,2.0716,,0.04938,0.09652,
2021-09-19,2.948,340.127,0.084803,2.2833,,,,,1.9747,,0.04793,0.09372,
2021-09-20,2.576,291.832,0.071258,2.0812,,,,,1.6756,,0.0422,0.08088,
2021-09-21,2.319,271.572,0.069215,1.987,,3.23,,,1.5753,,0.04138,0.07704,
2021-09-22,2.633,302.104,0.073564,2.2588,,3.33,,,1.8463,,0.04724,0.08613,
2021-09-23,2.78,309.145,0.073905,2.3281,,3.14,,,2.0036,,0.04848,0.0877,
2021-09-24,2.552,280.8,0.066662,2.2802,,2.97,,,1.7866,,0.04576,0.08131,
2021-09-25,2.491,274.413,0.067704,2.3022,,3.12,,,1.7312,,0.04628,0.08086,
2021-09-26,2.681,294.089,0.062267,2.2075,,2.74,,,1.7767,,0.04628,0.07884,
2021-09-27,2.52,273.027,0.061004,2.1303,,2.91,,,1.6744,,0.04426,0.07539,
2021-09-28,2.371,261.011,0.05987,2.0374,,2.72,,,1.565,,0.04289,0.07403,
2021-09-29,2.498,264.919,0.061249,2.066,,2.69,,,1.6081,,0.04339,0.07464,
2021-09-30,2.554,276.556,0.062879,2.1155,,2.66,,,1.6271,,0.04858,0.07929,
2021-10-01,2.92,302.636,0.073133,2.2554,,3.12,,,1.773,,0.0503,0.08494,
2021-10-02,3.053,314.22,0.070756,2.2489,,3.31,,,1.7693,,0.0497,0.08498,
2021-10-03,3.081,310.682,0.070128,2.2531,,3.15,,,1.986,,0.04935,0.08643,
2021-10-04,3.175,300.945,0.065441,2.1915,,2.95,,,1.9403,,0.05322,0.08274,
2021-10-05,3.277,307.825,0.065177,2.2331,,4.74,,,1.9505,,0.0528,0.09262,
2021-10-06,3.115,311.389,0.062466,2.2107,,4.38,,,1.8127,,0.04892,0.08855,
2021-10-07,3.137,305.665,0.05875,2.2783,,3.81,,,1.8916,,0.04771,0.08998,
2021-10-08,3.158,307.908,0.059936,2.238,,3.67,,,1.8985,,0.0474,0.09358,
2021-10-09,3.197,307.302,0.067,2.2689,,3.7,,,1.8929,,0.04915,0.09267,
2021-10-10,2.955,287.953,0.060942,2.1897,,3.45,,,1.7664,,0.04719,0.09057,
2021-10-11,2.903,290.574,0.061862,2.1715,,3.81,,,1.7162,,0.04818,0.08869,
2021-10-12,2.895,283.861,0.061278,2.1176,,3.54,,,1.7481,,0.04556,0.08526,
2021-10-13,2.963,297.753,0.060954,2.1891,,3.47,,,1.8377,,0.04585,0.08782,
2021-10-14,3.358,303.69,0.061028,2.1743,,3.65,,,1.8121,,0.04582,0.09136,
2021-10-15,3.242,301.537,0.066556,2.2172,,3.57,,,1.7549,,0.05176,0.09012,
2021-10-16,3.205,304.885,0.065468,2.1784,,3.72,,,1.798,,0.04976,0.09038,
2021-10-17,3.479,304.646,0.064166,2.1589,,3.83,,,1.7684,,0.04845,0.08799,
2021-10-18,3.448,293.859,0.062778,2.1283,,3.65,,,1.7372,,0.04751,0.10302,
2021-10-19,3.729,303.628,0.061826,2.1094,,3.62,,,1.71,,0.04723,0.09512,
2021-10-20,4.164,316.699,0.062634,2.1898,,3.57,,,1.7906,,0.04911,0.09792,
2021-10-21,4.139,314.875,0.061515,2.1367,,3.36,,,1.7838,,0.04813,0.09385,
2021-10-22,4.019,310.002,0.061135,2.1555,,3.27,,,1.8599,,0.04866,0.09356,
2021-10-23,4.018,324.046,0.061229,2.1661,,3.13,,,1.9071,,0.04864,0.09336,
2021-10-24,3.804,307.803,0.058794,2.1198,,2.98,,,1.815,,0.0473,0.09147,
2021-10-25,4.048,312.872,0.0598,2.145,,3.07,,,2.0482,,0.04738,0.09335,
2021-10-26,3.95,329.236,0.05817,2.1372,,3.11,,,2.0428,,0.0463,0.09187,
2021-10-27,5.74,324.546,0.050296,1.9105,,2.57,,,1.795,,0.04161,0.08146,
2021-10-28,5.134,339.125,0.05954,1.9874,,2.66,,,1.8452,,0.04491,0.08821,
2021-10-29,5.055,328.055,0.064713,2.015,,3.41,,,1.876,,0.04605,0.09494,
2021-10-30,4.691,319.245,0.058581,1.9552,,3.28,,,1.8209,,0.04518,0.09991,
2021-10-31,4.575,314.557,0.070814,1.9668,,3.09,,,1.83,,0.04846,0.12003,
2021-11-01,4.569,324.288,0.075798,1.9493,,2.98,,,1.8344,,0.04909,0.12061,
2021-11-02,4.631,325.229,0.07555,1.972,,3.01,,,1.8647,,0.05395,0.13979,
2021-11-03,4.427,325.39,0.100617,2.0644,,2.95,,,1.9332,,0.07286,0.12792,
2021-11-04,4.506,333.196,0.096677,1.9826,,2.79,,,1.8592,,0.06366,0.12412,
2021-11-05,4.393,326.484,0.083113,1.9833,,2.82,,,1.8439,,0.05924,0.12732,
2021-11-06,4.422,318.5,0.089482,2.0062,,2.85,,,1.8375,,0.05911,0.12917,
2021-11-07,4.573,320.235,0.08504,2.0228,,2.88,,,1.8678,,0.06491,0.12741,
2021-11-08,4.635,332.307,0.103466,2.1271,,2.81,,,2.0474,,0.06181,0.12877,
2021-11-09,4.424,336.634,0.099711,2.2687,,2.83,,,1.946,,0.05974,0.12903,
2021-11-10,4.083,312.615,0.09329,2.0996,,2.62,,,1.9342,,0.05823,0.11747,
2021-11-11,4.275,312.099,0.092024,2.0792,,2.68,,,2.021,,0.06,0.12008,
2021-11-12,4.167,308.569,0.087801,2.0454,,2.94,,,2.1456,,0.05755,0.12393,
2021-11-13,4.274,312.505,0.092209,2.0508,,2.79,,,2.0744,,0.05801,0.124,
2021-11-14,4.283,315.2,0.089871,2.0392,,2.74,,,1.9845,,0.05756,0.13696,
2021-11-15,4.185,301.678,0.09343,2.0183,,2.7,,,1.891,,0.0569,0.13506,
2021-11-16,3.85,278.377,0.083202,1.8759,,2.3,,427.98,1.7245,,0.05206,0.12625,
2021-11-17,3.928,284.648,0.079933,1.8777,,2.37,,423.7,1.6598,,0.05114,0.13162,
2021-11-18,3.545,262.761,0.068948,1.7867,,2.18,,356.04,1.8496,,0.04888,0.12305,
2021-11-19,3.894,279.468,0.080971,1.865,,2.32,,378.97,1.8803,,0.0508,0.12849,
2021-11-20,3.989,274.579,0.08333,1.9236,,2.9,,391.07,1.8404,,0.05211,0.13156,
2021-11-21,3.993,266.858,0.078437,1.8355,,2.6,,378.71,1.8298,,0.05014,0.12789,
2021-11-22,3.826,263.615,0.081567,1.7779,,2.49,,354.52,1.7401,,0.04956,0.12627,
2021-11-23,4.036,269.835,0.087171,1.7505,,2.6,,374.47,1.8358,,0.07048,0.12592,
2021-11-24,3.997,254.254,0.087671,1.666,,2.64,,352.53,1.7421,,0.05959,0.12054,
2021-11-25,4.257,263.31,0.091371,1.6762,,2.77,,386.15,1.8228,,0.06129,0.12465,
2021-11-26,3.677,232.815,0.0812,1.5345,,2.33,,312.0,1.6075,,0.0572,0.17356,
2021-11-27,3.708,233.227,0.088064,1.5447,,2.26,,308.89,1.6768,,0.06173,0.17106,
2021-11-28,3.648,238.995,0.096,1.5953,,2.34,,393.06,1.7144,,0.06359,0.1615,
2021-11-29,3.76,249.871,0.099455,1.603,,2.39,,382.51,1.7747,,0.06246,0.1599,
2021-11-30,3.547,257.078,0.091858,1.5552,,2.29,,384.9,1.8142,,0.06086,0.148,
2021-12-01,3.685,250.821,0.089032,1.548,,2.43,,353.8,1.9644,,0.06008,0.14664,
2021-12-02,3.48,244.707,0.085411,1.7209,,2.35,,330.43,1.8896,,0.05742,0.14784,
2021-12-03,3.135,225.516,0.077971,1.5573,,2.18,,308.95,1.7476,,0.05417,0.13292,
2021-12-04,2.678,203.141,0.07252,1.421,,1.79,,294.23,1.6539,,0.05258,0.11308,
2021-12-05,2.643,192.023,0.07226,1.3805,,1.64,,290.27,1.7671,,0.0506,0.10775,
2021-12-06,2.653,184.691,0.073104,1.4209,,1.61,,285.52,1.7632,,0.05232,0.11116,
2021-12-07,2.679,187.099,0.068282,1.3798,,1.65,,282.57,1.687,,0.05096,0.11195,
2021-12-08,2.754,203.606,0.06771,1.3977,,1.66,,284.14,1.7039,,0.05487,0.11634,
2021-12-09,2.5,176.76,0.063293,1.2894,,1.48,,232.47,1.5488,,0.05285,0.10772,
2021-12-10,2.49,166.98,0.061117,1.2115,,1.47,,214.0,1.4607,,0.05044,0.10325,
2021-12-11,2.58,181.25,0.062789,1.3544,,1.63,,224.6,1.5279,,0.05185,0.10619,
2021-12-12,2.55,179.79,0.064577,1.3471,,1.64,,227.39,1.5405,,0.05225,0.10907,
2021-12-13,2.4,162.39,0.058912,1.2252,,1.4,,198.65,1.3214,,0.04907,0.09637,
2021-12-14,2.55,169.48,0.060537,1.2675,,1.49,,200.85,1.3815,,0.04973,0.09886,
2021-12-15,2.55,172.77,0.064647,1.3114,,1.57,,208.07,1.4271,,0.05031,0.10121,
2021-12-16,2.57,174.25,0.060904,1.2395,,1.55,,203.41,1.3875,,0.04847,0.10003,
2021-12-17,2.44,187.39,0.059952,1.2178,,1.62,,191.62,1.3516,,0.04847,0.10155,
2021-12-18,2.49,193.22,0.060267,1.243,,1.56,,193.01,1.3793,,0.04863,0.10217,
2021-12-19,2.42,183.44,0.060896,1.2443,,1.55,,187.7,1.3564,,0.048,0.09998,
2021-12-20,2.41,181.01,0.057981,1.2381,,1.51,,184.9,1.2978,,0.04664,0.09933,
2021-12-21,2.44,186.1,0.061664,1.2801,,1.63,,186.06,1.3577,,0.04838,0.10418,
2021-12-22,2.48,206.48,0.060937,1.3279,,1.6,,198.71,1.3641,,0.05029,0.10574,
2021-12-23,2.83,247.2,0.06319,1.4743,,1.75,,212.69,1.4697,,0.05048,0.11466,
2021-12-24,2.76,270.33,0.062217,1.3935,,1.7,,202.05,1.576,,0.04944,0.10998,
2021-12-25,2.73,263.93,0.06464,1.4542,,1.94,,203.8,1.5748,,0.04956,0.11219,
2021-12-26,2.76,268.05,0.06404,1.4549,,2.22,,202.9,1.6079,,0.05082,0.1133,
2021-12-27,2.8,277.6,0.063833,1.5164,,2.02,,223.53,1.6631,,0.05341,0.11506,
2021-12-28,2.54,252.64,0.05923,1.3998,,1.77,,250.7,1.4667,,0.05063,0.10239,
2021-12-29,2.42,236.52,0.0617,1.3322,,1.68,,235.68,1.5828,,0.04918,0.09948,
2021-12-30,2.47,262.93,0.061787,1.3585,,1.69,,236.0,1.7299,,0.04892,0.10088,
2021-12-31,2.39,253.92,0.063529,1.3082,,1.63,,274.41,1.6589,,0.04828,0.10021,
2022-01-01,2.53,266.48,0.064208,1.3797,,1.71,,316.0,1.7433,,0.04964,0.10337,
2022-01-02,2.56,265.45,0.065109,1.3779,,1.83,,317.59,1.6739,,0.04899,0.11521,
2022-01-03,2.57,267.25,0.0636,1.3186,,1.72,,324.89,1.7949,,0.05248,0.11108,
2022-01-04,2.48,252.03,0.0623,1.3092,,1.64,,296.06,1.6714,,0.04929,0.10991,
2022-01-05,2.31,230.12,0.067553,1.2304,,1.57,,364.59,1.5562,,0.04681,0.10142,
2022-01-06,2.34,220.94,0.0621,1.2794,,1.65,,355.56,1.5631,,0.046,0.10104,
2022-01-07,2.18,211.6,0.059302,1.2093,,1.54,,309.65,1.445,,0.04349,0.09447,
2022-01-08,2.12,212.32,0.059866,1.1827,,1.44,,285.61,1.3854,,0.04346,0.09104,
2022-01-09,2.15,209.53,0.06472,1.1707,,1.45,,284.9,1.4009,,0.0428,0.09211,
2022-01-10,2.07,199.9,0.081082,1.1235,,1.34,,270.51,1.3624,,0.04207,0.08678,
2022-01-11,2.15,213.07,0.064925,1.1879,,1.36,,306.4,1.4467,,0.04184,0.09144,
2022-01-12,2.25,218.61,0.060875,1.313,,1.43,,311.0,1.4989,,0.04277,0.09727,
2022-01-13,2.35,209.41,0.0577,1.2328,,1.37,,302.36,1.3616,,0.04068,0.09211,
2022-01-14,2.38,224.42,0.059619,1.2931,,1.39,,315.12,1.3822,,0.04111,0.09353,
2022-01-15,2.39,238.75,0.057925,1.2922,,1.39,,311.91,1.3785,,0.04139,0.093,
2022-01-16,2.43,242.5,0.057685,1.4118,,1.39,,296.97,1.4299,,0.04114,0.09261,
2022-01-17,2.24,227.11,0.054069,1.6027,,1.34,,265.24,1.3415,,0.04011,0.08896,
2022-01-18,2.2,232.45,0.052094,1.4589,,1.28,,248.72,1.3179,,0.03887,0.08847,
2022-01-19,2.09,210.15,0.051115,1.3366,,1.16,,226.86,1.2659,,0.03718,0.08464,
2022-01-20,2.03,198.37,0.050552,1.2589,,1.12,,221.83,1.1614,,0.03533,0.08153,
2022-01-21,1.84,171.09,0.041641,1.1211,,0.97,,176.22,1.0303,,0.0303,0.07285,
2022-01-22,1.61,147.18,0.036765,1.0713,,0.9,,159.48,0.9512,,0.02985,0.06261,
2022-01-23,1.69,158.46,0.039977,1.1249,,0.85,,167.84,0.9895,,0.02905,0.06503,
2022-01-24,1.58,152.41,0.037015,1.0664,,0.79,,156.53,0.9125,,0.02733,0.0626,
2022-01-25,1.6,152.06,0.038883,1.043,,0.81,,149.53,0.9223,,0.02893,0.06357,
2022-01-26,1.63,146.64,0.041779,1.0784,,0.79,,147.29,0.9233,,0.02988,0.06875,
2022-01-27,1.59,144.54,0.038302,1.0428,,0.8,,142.42,0.9364,,0.02909,0.07167,
2022-01-28,1.65,149.11,0.038781,1.0486,,0.86,,169.99,0.9591,,0.03024,0.07207,
2022-01-29,1.72,154.04,0.040026,1.0603,,0.85,,172.76,0.9693,,0.03035,0.07275,
2022-01-30,1.67,149.01,0.038887,1.0359,,0.8,,167.45,0.9447,,0.02962,0.0795,
2022-01-31,1.68,157.59,0.039278,1.0524,,0.82,,171.48,0.9504,,0.02978,0.07966,
2022-02-01,1.71,164.05,0.03834,1.0965,,1.17,,179.27,0.967,,0.03008,0.07847,
2022-02-02,1.63,151.26,0.035872,1.0268,,1.36,,160.22,0.9235,,0.02927,0.07383,
2022-02-03,1.66,153.12,0.036103,1.061,,1.24,,154.99,0.936,,0.02918,0.07573,
2022-02-04,1.76,166.87,0.0408,1.1398,,1.24,,180.56,0.9987,,0.03121,0.0828,
2022-02-05,1.79,166.2,0.040382,1.1255,,1.21,,177.7,1.0021,,0.03104,0.08461,
2022-02-06,1.87,173.57,0.039748,1.1436,,1.22,,177.28,1.0259,,0.03208,0.08803,
2022-02-07,1.94,182.29,0.042745,1.1991,,1.24,,184.2,1.0706,,0.03323,0.08968,
2022-02-08,1.87,184.15,0.04912,1.1764,,1.19,,177.27,1.0239,,0.0314,0.08604,
2022-02-09,1.92,188.2,0.05819,1.1947,,1.43,,183.59,1.0371,,0.0312,0.08577,
2022-02-10,1.8,175.4,0.050395,1.1515,,1.22,,177.99,0.9822,,0.03045,0.08283,
2022-02-11,1.71,163.71,0.047719,1.0803,,1.1,,160.97,0.9169,,0.03298,0.07746,
2022-02-12,1.69,162.52,0.04426,1.0596,,1.12,,160.83,0.9188,,0.03125,0.07649,
2022-02-13,1.66,158.29,0.043276,1.0431,,1.06,,156.06,0.8968,,0.03009,0.07553,
2022-02-14,1.7,161.11,0.046133,1.05,,1.12,,157.4,0.9001,,0.02945,0.075,
2022-02-15,1.8,172.28,0.054953,1.1087,,1.2,,173.5,0.9706,,0.03092,0.08149,
2022-02-16,1.81,170.64,0.056084,1.0833,,1.13,,170.44,0.9791,,0.03216,0.081,
2022-02-17,1.65,152.99,0.051042,1.0203,,1.07,,151.91,0.8983,,0.02991,0.07398,
2022-02-18,1.58,145.57,0.048652,0.9958,,1.0,,145.82,0.895,,0.02927,0.07158,
2022-02-19,1.59,146.18,0.059376,0.9969,,0.99,,142.97,0.9001,,0.02878,0.07136,
2022-02-20,1.49,137.55,0.051144,0.9319,,0.9,,136.01,0.8455,,0.02715,0.06726,
2022-02-21,1.37,128.69,0.050251,0.8572,,0.92,,131.91,0.7852,,0.0257,0.05999,
2022-02-22,1.423,134.74,0.051003,0.8881,,0.944,,133.71,0.8111,,0.02671,0.0627,
2022-02-23,1.383,130.67,0.049178,0.8664,,0.938,,130.24,0.7853,,0.02593,0.06007,
2022-02-24,1.342,125.3,0.045853,0.8533,,1.187,,123.28,0.7779,6.924,0.02616,0.06056,
2022-02-25,1.453,139.7,0.048762,0.8997,,1.17,,128.27,0.8312,7.432,0.02922,0.06506,
2022-02-26,1.439,136.67,0.048351,0.8873,,1.139,,129.94,0.8598,7.113,0.0284,0.06625,
2022-02-27,1.384,131.74,0.046151,0.8569,,1.18,,120.44,0.7983,6.71,0.02689,0.06314,
2022-02-28,1.503,145.83,0.049264,0.964,,1.234,,136.26,0.8684,7.579,0.02937,0.07184,
2022-03-01,1.512,143.34,0.049554,0.9643,,1.245,,141.91,0.8569,7.897,0.02884,0.07652,
2022-03-02,1.497,137.7,0.04679,0.9394,,1.164,,127.52,0.8204,7.42,0.02832,0.0726,
2022-03-03,1.436,129.89,0.046937,0.9021,,1.175,,117.5,0.7967,7.22,0.02753,0.06984,
2022-03-04,1.348,124.26,0.044148,0.845,,1.038,,108.56,0.7605,6.736,0.0266,0.06449,
2022-03-05,1.357,124.61,0.045066,0.8654,,1.061,,115.5,0.7738,6.86,0.02701,0.06629,
2022-03-06,1.302,116.73,0.042886,0.823,,0.978,,110.29,0.7462,6.397,0.02606,0.06648,
2022-03-07,1.273,116.88,0.041692,0.7932,,0.97,,106.72,0.7277,6.163,0.02497,0.06808,
2022-03-08,1.295,121.68,0.040524,0.8021,0.2516,1.007,0.1871,109.16,0.7402,6.055,0.02497,0.07737,
2022-03-09,1.372,127.5,0.041978,0.8495,0.2562,1.021,0.243,112.72,0.7672,6.373,0.02596,0.07656,
2022-03-10,1.37,119.26,0.040705,0.807,0.2254,0.982,0.2002,101.15,0.7308,6.004,0.02578,0.07689,
2022-03-11,1.317,116.54,0.040025,0.7884,0.2145,0.955,0.1942,93.77,0.7014,5.804,0.02468,0.07104,
2022-03-12,1.33,120.24,0.039686,0.7898,0.2179,0.971,0.2032,92.7,0.7051,5.83,0.02468,0.07122,
2022-03-13,1.308,115.63,0.039386,0.7875,0.203,0.926,0.197,94.93,0.6813,5.491,0.02432,0.06743,
2022-03-14,1.336,118.38,0.0399,0.8028,0.2249,0.943,0.1939,94.37,0.7063,5.64,0.02463,0.06976,
2022-03-15,1.356,122.08,0.03917,0.7992,0.2151,0.919,0.1896,93.73,0.7163,5.774,0.0245,0.07198,
2022-03-16,1.51,141.71,0.040705,0.8393,0.2218,1.186,0.231,93.62,0.7371,6.168,0.02522,0.07318,
2022-03-17,1.483,155.68,0.039827,0.8365,0.2201,1.131,0.2089,96.48,0.7417,6.182,0.02502,0.07222,8.612
2022-03-18,1.588,160.34,0.0395,0.852,0.2229,1.515,0.2441,96.99,0.7552,6.27,0.02515,0.07314,13.093
2022-03-19,1.635,157.26,0.042197,0.903,0.2294,1.511,0.2408,102.95,0.7651,6.523,0.02695,0.07461,11.726
2022-03-20,1.555,152.83,0.040102,0.879,0.2352,1.437,0.2301,106.21,0.7418,6.236,0.02552,0.07526,9.635
2022-03-21,1.53,153.88,0.040344,0.9179,0.2325,1.515,0.2207,103.12,0.828,6.335,0.02617,0.07443,10.531
2022-03-22,1.546,152.85,0.040563,0.9753,0.2351,1.714,0.227,100.56,0.8268,6.549,0.02633,0.07571,12.229
2022-03-23,1.613,156.07,0.04101,1.1087,0.2363,1.63,0.2289,102.66,0.8391,6.913,0.02676,0.07616,13.326
2022-03-24,1.631,168.09,0.042036,1.1314,0.2422,1.697,0.2238,105.98,0.8916,7.149,0.02695,0.08002,12.915
2022-03-25,1.574,162.53,0.041122,1.0966,0.2394,1.653,0.2228,106.29,0.8895,6.888,0.02608,0.07909,12.393
2022-03-26,1.629,163.4,0.042043,1.153,0.2573,1.694,0.2212,118.55,0.9121,7.162,0.02636,0.08563,13.846
2022-03-27,1.746,169.24,0.043503,1.1845,0.2693,1.767,0.2276,123.61,0.9498,7.653,0.02786,0.08779,14.276
2022-03-28,1.725,167.77,0.043,1.1694,0.2622,1.751,0.2372,115.75,0.9075,7.351,0.02704,0.08495,14.02
2022-03-29,1.792,222.76,0.045107,1.1909,0.2828,1.721,0.2424,118.52,0.9232,7.605,0.02727,0.08751,13.604
2022-03-30,1.838,223.52,0.043547,1.1906,0.2973,2.111,0.2553,124.58,0.9268,7.786,0.02759,0.09297,14.219
2022-03-31,1.775,207.0,0.041877,1.1417,0.2857,2.101,0.2452,115.11,0.9295,7.52,0.02695,0.09524,12.702
2022-04-01,1.879,244.76,0.043013,1.1654,0.2901,1.853,0.2534,127.45,0.939,8.423,0.02737,0.09533,12.817
2022-04-02,1.922,238.39,0.041726,1.1562,0.296,1.702,0.2376,125.03,0.9073,8.231,0.02751,0.09683,12.433
2022-04-03,1.982,243.27,0.042827,1.1865,0.2919,1.709,0.3295,130.87,0.9353,8.284,0.02779,0.09752,12.39
2022-04-04,1.9,238.04,0.042531,1.2117,0.2745,1.576,0.2893,122.96,0.8824,7.947,0.02828,0.09193,11.935
2022-04-05,1.835,221.05,0.041476,1.1705,0.2821,1.501,0.27,117.16,0.8348,7.584,0.02734,0.09106,11.631
2022-04-06,1.602,190.48,0.038607,1.0525,0.2449,1.261,0.2452,102.07,0.7666,6.726,0.02507,0.07729,10.654
2022-04-07,1.659,202.16,0.039531,1.0894,0.2541,1.34,0.2486,101.78,0.799,7.043,0.02535,0.08127,11.175
2022-04-08,1.579,183.44,0.037773,1.0245,0.2521,1.269,0.2418,94.28,0.7596,6.523,0.02447,0.07653,10.786
2022-04-09,1.665,184.85,0.03915,1.0453,0.2492,1.34,0.2445,96.03,0.788,6.812,0.02504,0.07899,10.981
2022-04-10,1.586,176.37,0.037959,1.0274,0.2433,1.301,0.2404,93.16,0.7511,6.56,0.02457,0.07583,12.058
2022-04-11,1.46,157.99,0.035696,0.9198,0.2227,1.118,0.2007,76.23,0.6935,6.123,0.02252,0.06826,10.955
2022-04-12,1.515,164.62,0.035243,0.9545,0.2354,1.133,0.2002,78.45,0.7262,6.455,0.02318,0.07793,11.589
2022-04-13,1.545,178.29,0.03819,0.9748,0.2491,1.257,0.1995,78.31,0.7464,6.552,0.02334,0.07842,13.258
2022-04-14,1.514,172.03,0.036502,0.9325,0.2417,1.26,0.1904,90.81,0.7269,6.401,0.02247,0.07621,12.272
2022-04-15,1.52,176.19,0.036763,0.9553,0.2423,1.278,0.2043,84.26,0.7394,6.417,0.02252,0.07579,12.229
2022-04-16,1.513,172.23,0.035963,0.9514,0.2421,1.248,0.2094,81.05,0.7437,6.771,0.02259,0.07604,11.666
2022-04-17,1.462,166.83,0.03514,0.9148,0.2395,1.195,0.1956,78.45,0.7108,6.457,0.02224,0.07236,11.695
2022-04-18,1.496,169.22,0.03442,0.9367,0.2396,1.212,0.201,77.86,0.7369,6.546,0.02162,0.07469,11.874
2022-04-19,1.537,182.93,0.034923,0.9524,0.244,1.262,0.2086,80.3,0.7593,6.76,0.0222,0.07685,13.39
2022-04-20,1.54,186.29,0.034013,0.9367,0.2423,1.439,0.1973,76.36,0.7421,6.839,0.02266,0.07665,16.726
2022-04-21,1.491,173.62,0.033102,0.9102,0.2531,1.202,0.1925,76.08,0.7187,6.528,0.02445,0.07552,14.295
2022-04-22,1.474,176.78,0.032116,0.9064,0.2552,1.16,0.1903,76.02,0.719,6.494,0.02262,0.07648,15.347
2022-04-23,1.443,173.44,0.032155,0.8873,0.2579,1.149,0.1819,74.0,0.7074,6.381,0.02202,0.0747,16.682
2022-04-24,1.424,166.27,0.031577,0.886,0.2484,1.086,0.1775,73.62,0.7008,6.374,0.02169,0.07261,16.813
2022-04-25,1.419,168.97,0.030487,0.8975,0.2434,1.076,0.1848,72.68,0.7031,6.257,0.02167,0.07318,19.357
2022-04-26,1.29,158.02,0.027498,0.8259,0.2255,0.987,0.1655,67.4,0.6562,5.75,0.02116,0.06732,18.092
2022-04-27,1.32,168.64,0.029085,0.8405,0.2384,1.01,0.1648,71.48,0.6715,5.941,0.02156,0.07008,19.424
2022-04-28,1.302,166.07,0.0281,0.8433,0.2415,1.024,0.1664,70.05,0.6983,6.24,0.02082,0.07017,23.714
2022-04-29,1.261,157.36,0.027219,0.8049,0.2264,0.977,0.1471,66.54,0.6379,5.869,0.02062,0.06576,19.147
2022-04-30,1.122,142.21,0.024711,0.7558,0.2017,0.904,0.1422,63.66,0.5676,4.928,0.01933,0.05991,19.987
2022-05-01,1.159,146.6,0.025083,0.7896,0.2072,0.943,0.1489,64.66,0.602,5.091,0.01921,0.06347,15.865
2022-05-02,1.166,144.21,0.024061,0.7806,0.2039,0.954,0.1475,63.51,0.6159,4.932,0.01856,0.06242,15.057
2022-05-03,1.169,141.14,0.023305,0.7711,0.2005,0.925,0.1431,62.44,0.6707,4.935,0.0181,0.06092,14.152
2022-05-04,1.285,159.43,0.024465,0.8983,0.2246,1.005,0.1545,67.01,0.7153,5.395,0.01937,0.06676,15.557
2022-05-05,1.286,141.39,0.023524,0.7884,0.2011,0.908,0.1407,60.42,0.6344,4.857,0.01784,0.06052,13.688
2022-05-06,1.356,138.38,0.022392,0.7831,0.1973,0.913,0.1373,58.9,0.6979,4.857,0.01796,0.05855,13.259
2022-05-07,1.305,132.18,0.022431,0.7598,0.1906,0.904,0.1419,54.09,0.7484,4.573,0.01781,0.05589,12.353
2022-05-08,1.304,125.92,0.022068,0.7403,0.1803,0.857,0.1298,52.07,0.7289,4.534,0.01783,0.05419,11.227
2022-05-09,1.011,99.45,0.018242,0.6018,0.1432,0.748,0.1161,45.72,0.5738,3.567,0.01333,0.04375,8.008
2022-05-10,1.043,105.24,0.019064,0.6283,0.1536,0.758,0.1123,44.41,0.5848,3.776,0.01344,0.04607,9.03
2022-05-11,1.012,82.28,0.014209,0.5161,0.1191,0.476,0.0782,32.29,0.4525,2.519,0.01058,0.03339,5.715
2022-05-12,0.806,76.75,0.01502,0.4724,0.1071,0.407,0.0647,29.2,0.4222,2.188,0.012,0.0318,7.785
2022-05-13,0.916,82.21,0.014618,0.5281,0.1233,0.499,0.0714,31.28,0.4426,2.523,0.0135,0.03549,8.53
2022-05-14,0.939,86.44,0.015287,0.5371,0.1375,0.499,0.0715,33.4,0.463,2.606,0.01376,0.03909,8.646
2022-05-15,0.977,92.06,0.017163,0.598,0.1541,0.528,0.0751,36.35,0.4902,2.866,0.01426,0.0402,9.131
2022-05-16,0.922,83.94,0.015316,0.5561,0.1455,0.477,0.0795,33.47,0.4598,2.68,0.01387,0.03791,8.069
2022-05-17,0.959,92.53,0.016233,0.577,0.152,0.592,0.08,34.92,0.4947,3.135,0.01411,0.04108,8.877
2022-05-18,0.904,81.76,0.015004,0.5053,0.1313,0.504,0.0704,31.29,0.4328,2.944,0.01331,0.0355,7.969
2022-05-19,0.93,91.65,0.01642,0.5326,0.141,0.538,0.0767,32.81,0.4512,3.046,0.01368,0.03786,8.057
2022-05-20,0.915,90.18,0.016051,0.5155,0.1371,0.515,0.1188,31.65,0.4329,2.859,0.01308,0.03644,7.747
2022-05-21,0.962,91.17,0.017216,0.5279,0.1431,0.612,0.1134,33.16,0.4345,2.989,0.01331,0.03867,8.019
2022-05-22,0.995,94.04,0.01753,0.5413,0.1572,0.596,0.1065,32.76,0.442,3.05,0.01329,0.0408,8.019
2022-05-23,0.951,99.32,0.020648,0.5129,0.1517,0.549,0.0896,31.88,0.4165,2.853,0.01288,0.03868,7.749
2022-05-24,0.994,106.43,0.021733,0.5214,0.1474,0.571,0.0903,34.19,0.4187,2.94,0.01327,0.0396,7.505
